﻿<?xml version="1.0" encoding="utf-8" ?>
<Defs>

  <AlienRace.BackstoryDef>
    <defName>Deathjack_AbandonedChild</defName>
    <title>abandoned child</title>
    <titleShort>abandoned</titleShort>
    <baseDescription>[PAWN_nameDef] was abandoned. Left in the wild to struggle, but somehow managed to survive long enough for a passing Deathjack to pick [PAWN_objective] up.</baseDescription>
    <bodyTypeMale>Thin</bodyTypeMale>
    <bodyTypeFemale>Thin</bodyTypeFemale>
    <slot>Childhood</slot>
    <skillGains>
      <li>
        <defName>Melee</defName>
        <amount>1</amount>
      </li>
      <li>
        <defName>Crafting</defName>
        <amount>2</amount>
      </li>
      <li>
        <defName>Shooting</defName>
        <amount>1</amount>
      </li>
      <li>
        <defName>Social</defName>
        <amount>-2</amount>
      </li>
    </skillGains>
    <spawnCategories>
      <li>Deathjack</li>
    </spawnCategories>
    <requiredWorkTags>
      <li>Violent</li>
    </requiredWorkTags>
  </AlienRace.BackstoryDef>

  <AlienRace.BackstoryDef>
    <defName>Deathjack_Orphan</defName>
    <title>orphan child</title>
    <titleShort>orphan</titleShort>
    <baseDescription>[PAWN_nameDef] was an orphan. Stories goes that the "Count’s Men" passed by one night.</baseDescription>
    <bodyTypeMale>Thin</bodyTypeMale>
    <bodyTypeFemale>Thin</bodyTypeFemale>
    <slot>Childhood</slot>
    <skillGains>
      <li>
        <defName>Melee</defName>
        <amount>1</amount>
      </li>
      <li>
        <defName>Shooting</defName>
        <amount>1</amount>
      </li>
      <li>
        <defName>Social</defName>
        <amount>2</amount>
      </li>
      <li>
        <defName>Plants</defName>
        <amount>-1</amount>
      </li>
    </skillGains>
    <requiredWorkTags>
      <li>Violent</li>
      <li>Social</li>
    </requiredWorkTags>
    <spawnCategories>
      <li>Deathjack</li>
    </spawnCategories>
  </AlienRace.BackstoryDef>

  <AlienRace.BackstoryDef>
    <defName>Deathjack_Abductee</defName>
    <title>orphan child</title>
    <titleShort>orphan</titleShort>
    <baseDescription>[PAWN_nameDef] was abducted in from [PAWN_possessive] home in Stirland. Rescued from the child snatcher by a group Deathjacks [PAWN_pronoun] decided to join.</baseDescription>
    <bodyTypeMale>Thin</bodyTypeMale>
    <bodyTypeFemale>Thin</bodyTypeFemale>
    <slot>Childhood</slot>
    <skillGains>
      <li>
        <defName>Shooting</defName>
        <amount>2</amount>
      </li>
    </skillGains>
    <spawnCategories>
      <li>Deathjack</li>
    </spawnCategories>
    <requiredWorkTags>
      <li>Violent</li>
    </requiredWorkTags>
  </AlienRace.BackstoryDef>

  <AlienRace.BackstoryDef>
    <defName>Deathjack_AccursedChild</defName>
    <title>accursed child</title>
    <titleShort>accursed</titleShort>
    <baseDescription>[PAWN_nameDef] was prophesied to be a child of Chaos. Struggling with life as a outcast [PAWN_pronoun] ended up joining the infamous Deathjacks.</baseDescription>
    <bodyTypeMale>Thin</bodyTypeMale>
    <bodyTypeFemale>Thin</bodyTypeFemale>
    <slot>Childhood</slot>
    <skillGains>
      <li>
        <defName>Shooting</defName>
        <amount>2</amount>
      </li>
      <li>
        <defName>Social</defName>
        <amount>-2</amount>
      </li>
    </skillGains>
    <spawnCategories>
      <li>Deathjack</li>
    </spawnCategories>
    <requiredWorkTags>
      <li>Violent</li>
    </requiredWorkTags>
  </AlienRace.BackstoryDef>

  <AlienRace.BackstoryDef>
    <defName>Deathjack_AdventurousYouth</defName>
    <title>adventurous youth</title>
    <titleShort>adventurous</titleShort>
    <baseDescription>[PAWN_nameDef] longed for adventure, but [PAWN_possessive] parents were as hard headed and rigid as the rest of Stirlanders. One night [PAWN_pronoun] ran away from home.</baseDescription>
    <bodyTypeMale>Thin</bodyTypeMale>
    <bodyTypeFemale>Thin</bodyTypeFemale>
    <slot>Childhood</slot>
    <skillGains>
      <li>
        <defName>Social</defName>
        <amount>2</amount>
      </li>
      <li>
        <defName>Crafting</defName>
        <amount>1</amount>
      </li>
    </skillGains>
    <spawnCategories>
      <li>Deathjack</li>
    </spawnCategories>
    <requiredWorkTags>
      <li>Social</li>
      <li>Violent</li>
      <li>Crafting</li>
    </requiredWorkTags>
  </AlienRace.BackstoryDef>

  <AlienRace.BackstoryDef>
    <defName>Deathjack_SerfChild</defName>
    <title>serf child</title>
    <titleShort>serf</titleShort>
    <baseDescription>[PAWN_nameDef] was a serf, toiling away at the farmstead. One day [PAWN_nameDef] just had enough, dropped everthing and just walked off.</baseDescription>
    <bodyTypeMale>Thin</bodyTypeMale>
    <bodyTypeFemale>Thin</bodyTypeFemale>
    <slot>Childhood</slot>
    <skillGains>
      <li>
        <defName>Construction</defName>
        <amount>1</amount>
      </li>
      <li>
        <defName>Plants</defName>
        <amount>2</amount>
      </li>
      <li>
        <defName>Animals</defName>
        <amount>1</amount>
      </li>
    </skillGains>
    <spawnCategories>
      <li>Deathjack</li>
    </spawnCategories>
    <workDisables>
      <li>Intellectual</li>
    </workDisables>
    <requiredWorkTags>
      <li>PlantWork</li>
    </requiredWorkTags>
  </AlienRace.BackstoryDef>

  <AlienRace.BackstoryDef>
    <defName>Deathjack_SurvivorChild</defName>
    <title>survivor child</title>
    <titleShort>survivor</titleShort>
    <baseDescription>[PAWN_nameDef] survived when [PAWN_possessive] village was burned down. Sworn to get vengence [PAWN_nameDef] aimed to join the war.</baseDescription>
    <bodyTypeMale>Thin</bodyTypeMale>
    <bodyTypeFemale>Thin</bodyTypeFemale>
    <slot>Childhood</slot>
    <skillGains>
      <li>
        <defName>Shooting</defName>
        <amount>2</amount>
      </li>
      <li>
        <defName>Melee</defName>
        <amount>2</amount>
      </li>
      <li>
        <defName>Plants</defName>
        <amount>-2</amount>
      </li>
    </skillGains>
    <spawnCategories>
      <li>Deathjack</li>
    </spawnCategories>
    <workDisables>
      <li>Intellectual</li>
      <li>Artistic</li>
    </workDisables>
    <requiredWorkTags>
      <li>Violent</li>
    </requiredWorkTags>
  </AlienRace.BackstoryDef>

  <AlienRace.BackstoryDef>
    <defName>Deathjack_OutsiderChild</defName>
    <title>outsider child</title>
    <titleShort>outsider</titleShort>
    <baseDescription>[PAWN_nameDef] came to Stirland as a child. [PAWN_pronoun] never managed to fit in with the locals and started to dabble in more unsavory activites.</baseDescription>
    <bodyTypeMale>Thin</bodyTypeMale>
    <bodyTypeFemale>Thin</bodyTypeFemale>
    <slot>Childhood</slot>
    <skillGains>
      <li>
        <defName>Melee</defName>
        <amount>3</amount>
      </li>
    </skillGains>
    <spawnCategories>
      <li>Deathjack</li>
    </spawnCategories>
    <workDisables>
      <li>Caring</li>
      <li>Artistic</li>
    </workDisables>
    <requiredWorkTags>
      <li>Violent</li>
    </requiredWorkTags>
  </AlienRace.BackstoryDef>

  <AlienRace.BackstoryDef>
    <defName>Deathjack_SquireChild</defName>
    <title>squire child</title>
    <titleShort>squire</titleShort>
    <baseDescription>[PAWN_nameDef] was training as a squire to one of the Stirland knights. The time spent around the upper echelon offered [PAWN_nameDef] a valuable life experience.</baseDescription>
    <bodyTypeMale>Thin</bodyTypeMale>
    <bodyTypeFemale>Thin</bodyTypeFemale>
    <slot>Childhood</slot>
    <skillGains>
      <li>
        <defName>Social</defName>
        <amount>2</amount>
      </li>
      <li>
        <defName>Artistic</defName>
        <amount>1</amount>
      </li>
    </skillGains>
    <spawnCategories>
      <li>Deathjack</li>
    </spawnCategories>
    <requiredWorkTags>
      <li>Social</li>
      <li>Artistic</li>
    </requiredWorkTags>
  </AlienRace.BackstoryDef>

  <AlienRace.BackstoryDef>
    <defName>Deathjack_NobleChild</defName>
    <title>aristocrat child</title>
    <titleShort>aristocrat</titleShort>
    <baseDescription>[PAWN_nameDef] came form a noble family. But [PAWN_pronoun] was constanly bored by the life offered, drawn to adventure [PAWN_pronoun] left his home.</baseDescription>
    <bodyTypeMale>Thin</bodyTypeMale>
    <bodyTypeFemale>Thin</bodyTypeFemale>
    <slot>Childhood</slot>
    <skillGains>
      <li>
        <defName>Social</defName>
        <amount>1</amount>
      </li>
      <li>
        <defName>Intellectual</defName>
        <amount>2</amount>
      </li>
      <li>
        <defName>Artistic</defName>
        <amount>2</amount>
      </li>
      <li>
        <defName>Plants</defName>
        <amount>-2</amount>
      </li>
    </skillGains>
    <spawnCategories>
      <li>Deathjack</li>
    </spawnCategories>
    <workDisables>
      <li>ManualDumb</li>
      <li>Mining</li>
    </workDisables>
    <requiredWorkTags>
      <li>Social</li>
      <li>Intellectual</li>
    </requiredWorkTags>
  </AlienRace.BackstoryDef>

  <AlienRace.BackstoryDef>
    <defName>Deathjack_FarmhandChild</defName>
    <title>farm hand</title>
    <titleShort>Farm handt</titleShort>
    <baseDescription>[PAWN_nameDef] was a farm hand at his families farm. Tilling the soil and caring for the animals.</baseDescription>
    <bodyTypeMale>Thin</bodyTypeMale>
    <bodyTypeFemale>Thin</bodyTypeFemale>
    <slot>Childhood</slot>
    <skillGains>
      <li>
        <defName>Animals</defName>
        <amount>2</amount>
      </li>
      <li>
        <defName>Plants</defName>
        <amount>1</amount>
      </li>
      <li>
        <defName>Construction</defName>
        <amount>1</amount>
      </li>
      <li>
        <defName>Artistic</defName>
        <amount>-2</amount>
      </li>
      <li>
        <defName>Medicine</defName>
        <amount>1</amount>
      </li>
    </skillGains>
    <spawnCategories>
      <li>Deathjack</li>
    </spawnCategories>
    <workDisables>
      <li>Intellectual</li>
    </workDisables>
    <requiredWorkTags>
      <li>PlantWork</li>
      <li>Animals</li>
    </requiredWorkTags>
  </AlienRace.BackstoryDef>

  <AlienRace.BackstoryDef>
    <defName>Deathjack_villageChild</defName>
    <title>village child</title>
    <titleShort>villager</titleShort>
    <baseDescription>[PAWN_nameDef] was born in a village in Stirland. Spending time pretty much as rest of the children living in the rural backwaters.</baseDescription>
    <bodyTypeMale>Thin</bodyTypeMale>
    <bodyTypeFemale>Thin</bodyTypeFemale>
    <slot>Childhood</slot>
    <skillGains>
      <li>
        <defName>Crafting</defName>
        <amount>2</amount>
      </li>
      <li>
        <defName>Shooting</defName>
        <amount>1</amount>
      </li>
      <li>
        <defName>Artistic</defName>
        <amount>-2</amount>
      </li>
      <li>
        <defName>Intellectual</defName>
        <amount>-2</amount>
      </li>
    </skillGains>
    <spawnCategories>
      <li>Deathjack</li>
    </spawnCategories>
    <requiredWorkTags>
      <li>Crafting</li>
      <li>Violent</li>
    </requiredWorkTags>
  </AlienRace.BackstoryDef>

  <!-- Adulthood -->

  <AlienRace.BackstoryDef>
    <defName>Deathjack_Priest</defName>
    <title>former priest</title>
    <titleShort>priest</titleShort>
    <baseDescription>[PAWN_nameDef] was a priest. The shepperd of [PAWN_possessive] flock. But the lingering darkness coudn't be fought with words alone.</baseDescription>
    <bodyTypeMale>Male</bodyTypeMale>
    <bodyTypeFemale>Thin</bodyTypeFemale>
    <slot>Adulthood</slot>
    <skillGains>
      <li>
        <defName>Social</defName>
        <amount>2</amount>
      </li>
      <li>
        <defName>Medicine</defName>
        <amount>3</amount>
      </li>
      <li>
        <defName>Intellectual</defName>
        <amount>2</amount>
      </li>
    </skillGains>
    <spawnCategories>
      <li>Deathjack</li>
    </spawnCategories>
    <requiredWorkTags>
      <li>Social</li>
      <li>Caring</li>
      <li>Intellectual</li>
    </requiredWorkTags>
  </AlienRace.BackstoryDef>

  <AlienRace.BackstoryDef>
    <defName>Deathjack_Actor</defName>
    <title>travelling actor</title>
    <titleShort>actor</titleShort>
    <baseDescription>[PAWN_nameDef] travelled together with [PAWN_possessive] company, untill they were begrudgingly dragged into the war.</baseDescription>
    <bodyTypeMale>Male</bodyTypeMale>
    <bodyTypeFemale>Female</bodyTypeFemale>
    <slot>Adulthood</slot>
    <skillGains>
      <li>
        <defName>Social</defName>
        <amount>2</amount>
      </li>
      <li>
        <defName>Shooting</defName>
        <amount>1</amount>
      </li>
      <li>
        <defName>Artistic</defName>
        <amount>2</amount>
      </li>
    </skillGains>
    <spawnCategories>
      <li>Deathjack</li>
    </spawnCategories>
    <workDisables>
      <li>PlantWork</li>
    </workDisables>
    <requiredWorkTags>
      <li>Social</li>
      <li>Artistic</li>
    </requiredWorkTags>
  </AlienRace.BackstoryDef>

  <AlienRace.BackstoryDef>
    <defName>Deathjack_Adventurer</defName>
    <title>adventurer</title>
    <titleShort>adventurer</titleShort>
    <baseDescription>[PAWN_nameDef] acted as a adventurer, lusting for fame and fortune. With the land stirred in war, the time of dungeon delving was long gone.</baseDescription>
    <bodyTypeMale>Male</bodyTypeMale>
    <bodyTypeFemale>Female</bodyTypeFemale>
    <slot>Adulthood</slot>
    <skillGains>
      <li>
        <defName>Melee</defName>
        <amount>3</amount>
      </li>
      <li>
        <defName>Shooting</defName>
        <amount>3</amount>
      </li>
      <li>
        <defName>Medicine</defName>
        <amount>1</amount>
      </li>
      <li>
        <defName>Plants</defName>
        <amount>-3</amount>
      </li>
      <li>
        <defName>Artistic</defName>
        <amount>-2</amount>
      </li>
    </skillGains>
    <spawnCategories>
      <li>Deathjack</li>
    </spawnCategories>
    <workDisables>
      <li>Intellectual</li>
    </workDisables>
    <requiredWorkTags>
      <li>Violent</li>
    </requiredWorkTags>
  </AlienRace.BackstoryDef>

  <AlienRace.BackstoryDef>
    <defName>Deathjack_Cook</defName>
    <title>former cook</title>
    <titleShort>cook</titleShort>
    <baseDescription>[PAWN_nameDef] used to serve [PAWN_possessive] food at the local tavern. Now [PAWN_pronoun] serves it to [PAWN_possessive] fellow men at arms.</baseDescription>
    <bodyTypeMale>Male</bodyTypeMale>
    <bodyTypeFemale>Female</bodyTypeFemale>
    <slot>Adulthood</slot>
    <skillGains>
      <li>
        <defName>Cooking</defName>
        <amount>4</amount>
      </li>
      <li>
        <defName>Melee</defName>
        <amount>1</amount>
      </li>
      <li>
        <defName>Medicine</defName>
        <amount>1</amount>
      </li>
      <li>
        <defName>Artistic</defName>
        <amount>-2</amount>
      </li>
    </skillGains>
    <spawnCategories>
      <li>Deathjack</li>
    </spawnCategories>
    <workDisables>
      <li>Intellectual</li>
    </workDisables>
    <requiredWorkTags>
      <li>Cooking</li>
      <li>Caring</li>
    </requiredWorkTags>
  </AlienRace.BackstoryDef>

  <AlienRace.BackstoryDef>
    <defName>Deathjack_Banished</defName>
    <title>banished</title>
    <titleShort>banished</titleShort>
    <baseDescription>[PAWN_nameDef] was banished from the village. With nowhere else to turn, [PAWN_pronoun] went to the Deathjacks.</baseDescription>
    <bodyTypeMale>Male</bodyTypeMale>
    <bodyTypeFemale>Female</bodyTypeFemale>
    <slot>Adulthood</slot>
    <skillGains>
      <li>
        <defName>Melee</defName>
        <amount>2</amount>
      </li>
      <li>
        <defName>Social</defName>
        <amount>3</amount>
      </li>
    </skillGains>
    <spawnCategories>
      <li>Deathjack</li>
    </spawnCategories>
    <requiredWorkTags>
      <li>Violent</li>
      <li>Social</li>
    </requiredWorkTags>
  </AlienRace.BackstoryDef>

  <AlienRace.BackstoryDef>
    <defName>Deathjack_Blacksmith</defName>
    <title>blacksmith</title>
    <titleShort>blacksmith</titleShort>
    <baseDescription>[PAWN_nameDef] used to run the old smithy. Now [PAWN_pronoun] crafts for the local war effort.</baseDescription>
    <bodyTypeMale>Male</bodyTypeMale>
    <bodyTypeFemale>Female</bodyTypeFemale>
    <slot>Adulthood</slot>
    <skillGains>
      <li>
        <defName>Melee</defName>
        <amount>2</amount>
      </li>
      <li>
        <defName>Crafting</defName>
        <amount>3</amount>
      </li>
      <li>
        <defName>Construction</defName>
        <amount>2</amount>
      </li>
    </skillGains>
    <spawnCategories>
      <li>Deathjack</li>
    </spawnCategories>
    <requiredWorkTags>
      <li>Crafting</li>
    </requiredWorkTags>
  </AlienRace.BackstoryDef>

  <AlienRace.BackstoryDef>
    <defName>Deathjack_BountyHunter</defName>
    <title>bounty hunter</title>
    <titleShort>bounty hunter</titleShort>
    <baseDescription>[PAWN_nameDef] was a bounty hunter before joining the Deathjacks. In hope of avoiding the frontlines [PAWN_pronoun] decided to join the scouts.</baseDescription>
    <bodyTypeMale>Male</bodyTypeMale>
    <bodyTypeFemale>Female</bodyTypeFemale>
    <slot>Adulthood</slot>
    <skillGains>
      <li>
        <defName>Shooting</defName>
        <amount>4</amount>
      </li>
      <li>
        <defName>Melee</defName>
        <amount>2</amount>
      </li>
      <li>
        <defName>Plants</defName>
        <amount>-2</amount>
      </li>
      <li>
        <defName>Construction</defName>
        <amount>-2</amount>
      </li>
      <li>
        <defName>Mining</defName>
        <amount>-1</amount>
      </li>
    </skillGains>
    <spawnCategories>
      <li>Deathjack</li>
    </spawnCategories>
    <requiredWorkTags>
      <li>Violent</li>
    </requiredWorkTags>
  </AlienRace.BackstoryDef>

  <AlienRace.BackstoryDef>
    <defName>Deathjack_Brigand</defName>
    <title>former brigand</title>
    <titleShort>brigand</titleShort>
    <baseDescription>[PAWN_nameDef] used to be a thug and menace, but when the war came those titels dissapeard.</baseDescription>
    <bodyTypeMale>Male</bodyTypeMale>
    <bodyTypeFemale>Female</bodyTypeFemale>
    <slot>Adulthood</slot>
    <skillGains>
      <li>
        <defName>Shooting</defName>
        <amount>2</amount>
      </li>
      <li>
        <defName>Melee</defName>
        <amount>3</amount>
      </li>
      <li>
        <defName>Plants</defName>
        <amount>-2</amount>
      </li>
      <li>
        <defName>Construction</defName>
        <amount>-2</amount>
      </li>
      <li>
        <defName>Mining</defName>
        <amount>-1</amount>
      </li>
      <li>
        <defName>Crafting</defName>
        <amount>-2</amount>
      </li>
    </skillGains>
    <spawnCategories>
      <li>Deathjack</li>
    </spawnCategories>
    <workDisables>
      <li>Intellectual</li>
      <li>Artistic</li>
    </workDisables>
    <requiredWorkTags>
      <li>Violent</li>
      <li>Social</li>
    </requiredWorkTags>
  </AlienRace.BackstoryDef>

  <AlienRace.BackstoryDef>
    <defName>Deathjack_CivilServant</defName>
    <title>civil servant</title>
    <titleShort>civil servant</titleShort>
    <baseDescription>[PAWN_nameDef] a civil servant for the local lord. With no experience fighting in wars, [PAWN_pronoun] fled to the scouts</baseDescription>
    <bodyTypeMale>Male</bodyTypeMale>
    <bodyTypeFemale>Female</bodyTypeFemale>
    <slot>Adulthood</slot>
    <skillGains>
      <li>
        <defName>Shooting</defName>
        <amount>-2</amount>
      </li>
      <li>
        <defName>Melee</defName>
        <amount>-1</amount>
      </li>
      <li>
        <defName>Intellectual</defName>
        <amount>3</amount>
      </li>
      <li>
        <defName>Social</defName>
        <amount>2</amount>
      </li>
    </skillGains>
    <spawnCategories>
      <li>Deathjack</li>
    </spawnCategories>
    <workDisables>
      <li>Artistic</li>
    </workDisables>
    <requiredWorkTags>
      <li>Intellectual</li>
      <li>Social</li>
    </requiredWorkTags>
  </AlienRace.BackstoryDef>

  <AlienRace.BackstoryDef>
    <defName>Deathjack_Defector</defName>
    <title>defector</title>
    <titleShort>defector</titleShort>
    <baseDescription>[PAWN_nameDef] was caught defecting. As a punishment [PAWN_pronoun] was sent to join the Deathjacks. But the unsavory acts of the company suited [PAWN_objective] fine.</baseDescription>
    <bodyTypeMale>Male</bodyTypeMale>
    <bodyTypeFemale>Female</bodyTypeFemale>
    <slot>Adulthood</slot>
    <skillGains>
      <li>
        <defName>Shooting</defName>
        <amount>2</amount>
      </li>
      <li>
        <defName>Melee</defName>
        <amount>2</amount>
      </li>
      <li>
        <defName>Construction</defName>
        <amount>1</amount>
      </li>
    </skillGains>
    <spawnCategories>
      <li>Deathjack</li>
    </spawnCategories>
    <requiredWorkTags>
      <li>Violent</li>
    </requiredWorkTags>
  </AlienRace.BackstoryDef>

  <AlienRace.BackstoryDef>
    <defName>Deathjack_Hunter</defName>
    <title>hunter</title>
    <titleShort>hunter</titleShort>
    <baseDescription>[PAWN_nameDef] hunted in the local woods. Before [PAWN_pronoun] was brought infront of the enlistment officer, [PAWN_pronoun] ran off to join the Deathjacks.</baseDescription>
    <bodyTypeMale>Male</bodyTypeMale>
    <bodyTypeFemale>Female</bodyTypeFemale>
    <slot>Adulthood</slot>
    <skillGains>
      <li>
        <defName>Shooting</defName>
        <amount>4</amount>
      </li>
      <li>
        <defName>Animals</defName>
        <amount>2</amount>
      </li>
      <li>
        <defName>Plants</defName>
        <amount>1</amount>
      </li>
      <li>
        <defName>Social</defName>
        <amount>-4</amount>
      </li>
    </skillGains>
    <spawnCategories>
      <li>Deathjack</li>
    </spawnCategories>
    <requiredWorkTags>
      <li>Violent</li>
      <li>Animals</li>
    </requiredWorkTags>
  </AlienRace.BackstoryDef>

  <AlienRace.BackstoryDef>
    <defName>Deathjack_Criminal</defName>
    <title>criminal</title>
    <titleShort>criminal</titleShort>
    <baseDescription>[PAWN_nameDef] was dragged to enlistment as a prisoner. Join the army or be executed at dawn. [PAWN_pronoun] joined the Deathjacks and life was the same as before prison.</baseDescription>
    <bodyTypeMale>Male</bodyTypeMale>
    <bodyTypeFemale>Female</bodyTypeFemale>
    <slot>Adulthood</slot>
    <skillGains>
      <li>
        <defName>Melee</defName>
        <amount>3</amount>
      </li>
      <li>
        <defName>Plants</defName>
        <amount>-3</amount>
      </li>
      <li>
        <defName>Mining</defName>
        <amount>-3</amount>
      </li>
      <li>
        <defName>Social</defName>
        <amount>2</amount>
      </li>
    </skillGains>
    <spawnCategories>
      <li>Deathjack</li>
    </spawnCategories>
    <requiredWorkTags>
      <li>Violent</li>
      <li>Social</li>
    </requiredWorkTags>
  </AlienRace.BackstoryDef>

  <AlienRace.BackstoryDef>
    <defName>Deathjack_Oaf</defName>
    <title>oaf</title>
    <titleShort>oaf</titleShort>
    <baseDescription>A former oaf that took up [PAWN_possessive] hoe and pitchfork and joined the Deathjacks.</baseDescription>
    <bodyTypeMale>Hulk</bodyTypeMale>
    <bodyTypeFemale>Female</bodyTypeFemale>
    <slot>Adulthood</slot>
    <skillGains>
      <li>
        <defName>Melee</defName>
        <amount>1</amount>
      </li>
      <li>
        <defName>Plants</defName>
        <amount>3</amount>
      </li>
      <li>
        <defName>Animals</defName>
        <amount>2</amount>
      </li>
      <li>
        <defName>Social</defName>
        <amount>-2</amount>
      </li>
      <li>
        <defName>Medicine</defName>
        <amount>-2</amount>
      </li>
    </skillGains>
    <spawnCategories>
      <li>Deathjack</li>
    </spawnCategories>
    <workDisables>
      <li>Intellectual</li>
      <li>Artistic</li>
    </workDisables>
    <requiredWorkTags>
      <li>PlantWork</li>
      <li>Animals</li>
    </requiredWorkTags>
  </AlienRace.BackstoryDef>

  <AlienRace.BackstoryDef>
    <defName>Deathjack_Scout</defName>
    <title>scout</title>
    <titleShort>scout</titleShort>
    <baseDescription>As a scout [PAWN_nameDef] only viable option was the Deathjacks.</baseDescription>
    <bodyTypeMale>Thin</bodyTypeMale>
    <bodyTypeFemale>Thin</bodyTypeFemale>
    <slot>Adulthood</slot>
    <skillGains>
      <li>
        <defName>Shooting</defName>
        <amount>3</amount>
      </li>
      <li>
        <defName>Animals</defName>
        <amount>1</amount>
      </li>
      <li>
        <defName>Social</defName>
        <amount>-2</amount>
      </li>
      <li>
        <defName>Medicine</defName>
        <amount>1</amount>
      </li>
    </skillGains>
    <requiredWorkTags>
      <li>Violent</li>
    </requiredWorkTags>
    <spawnCategories>
      <li>Deathjack</li>
    </spawnCategories>
  </AlienRace.BackstoryDef>

  <AlienRace.BackstoryDef>
    <defName>Deathjack_Smuggler</defName>
    <title>smuggler</title>
    <titleShort>smuggler</titleShort>
    <baseDescription>Joining the Deathjacks was but a title change, for noone would bat their eye at the activites of a Deathjack.</baseDescription>
    <bodyTypeMale>Male</bodyTypeMale>
    <bodyTypeFemale>Female</bodyTypeFemale>
    <slot>Adulthood</slot>
    <skillGains>
      <li>
        <defName>Melee</defName>
        <amount>1</amount>
      </li>
      <li>
        <defName>Social</defName>
        <amount>4</amount>
      </li>
      <li>
        <defName>Medicine</defName>
        <amount>1</amount>
      </li>
    </skillGains>
    <workDisables>
      <li>PlantWork</li>
    </workDisables>
    <requiredWorkTags>
      <li>Violent</li>
      <li>Social</li>
    </requiredWorkTags>
    <spawnCategories>
      <li>Deathjack</li>
    </spawnCategories>
  </AlienRace.BackstoryDef>

  <AlienRace.BackstoryDef>
    <defName>Deathjack_Nurse</defName>
    <title>nurse</title>
    <titleShort>nurse</titleShort>
    <baseDescription>[PAWN_nameDef] went to the Deathjacks to help the war effort. [PAWN_pronoun] spent most of the time tending to the wounded at the camps.</baseDescription>
    <bodyTypeMale>Thin</bodyTypeMale>
    <bodyTypeFemale>Thin</bodyTypeFemale>
    <slot>Adulthood</slot>
    <skillGains>
      <li>
        <defName>Cooking</defName>
        <amount>2</amount>
      </li>
      <li>
        <defName>Medicine</defName>
        <amount>4</amount>
      </li>
    </skillGains>
    <requiredWorkTags>
      <li>Caring</li>
      <li>Cooking</li>
    </requiredWorkTags>
    <spawnCategories>
      <li>Deathjack</li>
    </spawnCategories>
  </AlienRace.BackstoryDef>

  <AlienRace.BackstoryDef>
    <defName>Deathjack_Thief</defName>
    <title>thief</title>
    <titleShort>thief</titleShort>
    <baseDescription>[PAWN_nameDef] stole to make a living. Now [PAWN_pronoun] steals in the name of the emperor.</baseDescription>
    <bodyTypeMale>Thin</bodyTypeMale>
    <bodyTypeFemale>Thin</bodyTypeFemale>
    <slot>Adulthood</slot>
    <skillGains>
      <li>
        <defName>Social</defName>
        <amount>3</amount>
      </li>
      <li>
        <defName>Medicine</defName>
        <amount>2</amount>
      </li>
      <li>
        <defName>Melee</defName>
        <amount>2</amount>
      </li>
    </skillGains>
    <workDisables>
      <li>Artistic</li>
    </workDisables>
    <requiredWorkTags>
      <li>Social</li>
    </requiredWorkTags>
    <spawnCategories>
      <li>Deathjack</li>
    </spawnCategories>
  </AlienRace.BackstoryDef>

  <AlienRace.BackstoryDef>
    <defName>Deathjack_Hermit</defName>
    <title>hermit</title>
    <titleShort>hermit</titleShort>
    <baseDescription>[PAWN_nameDef] lived as a hermit, now tired of the marching invaders [PAWN_pronoun] took his hunting bow and joined the war effort.</baseDescription>
    <bodyTypeMale>Male</bodyTypeMale>
    <bodyTypeFemale>Female</bodyTypeFemale>
    <slot>Adulthood</slot>
    <skillGains>
      <li>
        <defName>Plants</defName>
        <amount>2</amount>
      </li>
      <li>
        <defName>Medicine</defName>
        <amount>1</amount>
      </li>
      <li>
        <defName>Animals</defName>
        <amount>2</amount>
      </li>
      <li>
        <defName>Shooting</defName>
        <amount>4</amount>
      </li>
    </skillGains>
    <workDisables>
      <li>Social</li>
    </workDisables>
    <requiredWorkTags>
      <li>Violent</li>
      <li>Animals</li>
    </requiredWorkTags>
    <spawnCategories>
      <li>Deathjack</li>
    </spawnCategories>
  </AlienRace.BackstoryDef>

</Defs>