﻿<?xml version="1.0" encoding="utf-8"?>
<Defs>

  <TraderKindDef>
    <defName>Base_Deathjack</defName>
    <stockGenerators>
      <li Class="StockGenerator_SingleDef">
        <thingDef>Silver</thingDef>
        <countRange>800~3000</countRange>
      </li>
      <li Class="StockGenerator_SingleDef">
        <thingDef>ComponentIndustrial</thingDef>
        <countRange>3~10</countRange>
      </li>
      <li Class="StockGenerator_SingleDef">
        <thingDef>Gold</thingDef>
        <countRange>-40~120</countRange>
      </li>
      <li Class="StockGenerator_SingleDef">
        <thingDef>Pemmican</thingDef>
        <countRange>100~400</countRange>
      </li>
      <li Class="StockGenerator_SingleDef">
        <thingDef>MedicineHerbal</thingDef>
        <countRange>15~30</countRange>
      </li>
      <li Class="StockGenerator_Animals">
        <maxWildness>0.70</maxWildness>
        <tradeTagsSell>
          <li>AnimalFarm</li>
          <li>AnimalPet</li>
        </tradeTagsSell>
        <tradeTagsBuy>
          <li>AnimalUncommon</li>
          <li>AnimalExotic</li>
        </tradeTagsBuy>
        <kindCountRange>2~4</kindCountRange>
        <countRange>1~5</countRange>
      </li>
      
      <li Class="StockGenerator_Category">
        <categoryDef>Drugs</categoryDef>
        <thingDefCountRange>1~2</thingDefCountRange>
        <totalPriceRange>400~1000</totalPriceRange>
      </li>
      
      <li Class="StockGenerator_MultiDef">
        <thingDefs>
          <li>Chocolate</li>
          <li>Kibble</li>
        </thingDefs>
      </li>
      
      <li Class="StockGenerator_WeaponsRanged">
        <maxTechLevelGenerate>Medieval</maxTechLevelGenerate>
        <countRange>2~4</countRange>
      </li>
      <li Class="StockGenerator_Category">
				<categoryDef>WeaponsMelee</categoryDef>
				<maxTechLevelGenerate>Medieval</maxTechLevelGenerate>
        <countRange>2~4</countRange>
      </li>
      <li Class="StockGenerator_Slaves">
        <respectPopulationIntent>true</respectPopulationIntent>
        <countRange>-1~2</countRange>
      </li>
      <li Class="StockGenerator_Tag">
        <tradeTag>Artifact</tradeTag>
        <thingDefCountRange>0~3</thingDefCountRange>
        <countRange>1~1</countRange>
      </li>
      <li Class="StockGenerator_BuyTradeTag"><tag>Art</tag></li>
			<li Class="StockGenerator_BuyExpensiveSimple" />
    </stockGenerators>
  </TraderKindDef>

</Defs>
