﻿<?xml version="1.0" encoding="utf-8" ?>
<Defs>

  <FactionDef ParentName="HumanFactionBase">
    <defName>DeathjacksFaction</defName>
    <label>Deathjacks</label>
    <description>The Deathjacks, hired scouts of the Stirland army. Used to fending for themselves, the Deathjacks have been dubbed the Mutton-sticker or Thievingjacks by their own comrades, as baggage trains and supplies tends to go missing. They have been in continued service to the Empire since the civil war between the Three Emperors.</description>
    <startingGoodwill>-50</startingGoodwill>
    <naturalColonyGoodwill>-25~0</naturalColonyGoodwill>
    <listOrderPriority>30</listOrderPriority>
    <settlementGenerationWeight>0.3</settlementGenerationWeight>
    <requiredCountAtGameStart>1</requiredCountAtGameStart>
    <canMakeRandomly>true</canMakeRandomly>
    <canSiege>false</canSiege>
    <canStageAttacks>true</canStageAttacks>
    <leaderTitle>commander</leaderTitle>
    <factionIconPath>Things/World/DeathJacksIcon</factionIconPath>
    <settlementTexturePath>World/WorldObjects/TribalSettlement</settlementTexturePath>
    <pawnNameMaker>NamerDeathjacks</pawnNameMaker>
    <fixedName>Deathjacks</fixedName>
		<settlementNameMaker>NamerDeathjackBase</settlementNameMaker>
		<techLevel>Medieval</techLevel>
    <backstoryFilters>
      <li>
        <categories>
          <li>Deathjack</li>
          <li>FGStirland</li>
        </categories>
      </li>
    </backstoryFilters>
		<hairTags>
			<li>Rural</li>
		</hairTags>
    <allowedArrivalTemperatureRange>-40~45</allowedArrivalTemperatureRange>
    <visitorTraderKinds>
      <li>Visitor_Deathjack</li>
    </visitorTraderKinds>
    <baseTraderKinds>
      <li>Base_Deathjack</li>
    </baseTraderKinds>
    <maxPawnCostPerTotalPointsCurve>
      <points>
        <li>(0,35)</li>
        <li>(70, 50)</li>
        <li>(700, 100)</li>
        <li>(1300, 150)</li>
        <li>(100000, 10000)</li>
      </points>
    </maxPawnCostPerTotalPointsCurve>
    <pawnGroupMakers>
      <li>
        <kindDef>Peaceful</kindDef>
        <options>
          <DeathjackScout>10</DeathjackScout>
          <DeathjackFootpad>10</DeathjackFootpad>
          <DeathjackHunter>7</DeathjackHunter>
          <DeathjackBrigand>7</DeathjackBrigand>
          <DeathjackMarksman>4</DeathjackMarksman>
          <DeathjackSoldier>4</DeathjackSoldier>
          <DeathjackRogue>7</DeathjackRogue>
        </options>
      </li>
      <li>
        <kindDef>Settlement</kindDef>
        <options>
          <DeathjackScout>10</DeathjackScout>
          <DeathjackFootpad>10</DeathjackFootpad>
          <DeathjackHunter>7</DeathjackHunter>
          <DeathjackBrigand>7</DeathjackBrigand>
          <DeathjackMarksman>4</DeathjackMarksman>
          <DeathjackSoldier>4</DeathjackSoldier>
          <DeathjackRogue>5</DeathjackRogue>
          <DeathjackGrenadier>3</DeathjackGrenadier>
        </options>
      </li>
      <li>
        <!-- Normal fights, everything -->
        <kindDef>Combat</kindDef>
        <commonality>80</commonality>
        <options>
          <DeathjackScout>10</DeathjackScout>
          <DeathjackFootpad>10</DeathjackFootpad>
          <DeathjackHunter>7</DeathjackHunter>
          <DeathjackBrigand>7</DeathjackBrigand>
          <DeathjackMarksman>4</DeathjackMarksman>
          <DeathjackSoldier>4</DeathjackSoldier>
          <DeathjackRogue>5</DeathjackRogue>
          <DeathjackGrenadier>5</DeathjackGrenadier>
        </options>
      </li>
      <li>
        <!-- Ranged -->
        <kindDef>Combat</kindDef>
        <commonality>25</commonality>
        <options>
          <DeathjackScout>10</DeathjackScout>
          <DeathjackHunter>7</DeathjackHunter>
          <DeathjackMarksman>4</DeathjackMarksman>
        </options>
      </li>
      <li>
        <!-- low -->
        <kindDef>Combat</kindDef>
        <commonality>50</commonality>
        <options>
          <DeathjackScout>10</DeathjackScout>
          <DeathjackFootpad>10</DeathjackFootpad>
          <DeathjackHunter>7</DeathjackHunter>
          <DeathjackBrigand>7</DeathjackBrigand>
          <DeathjackRogue>5</DeathjackRogue>
          <DeathjackGrenadier>2</DeathjackGrenadier>
        </options>
      </li>
      <li>
        <!-- scoundrels -->
        <kindDef>Combat</kindDef>
        <commonality>20</commonality>
        <options>
          <DeathjackFootpad>10</DeathjackFootpad>
          <DeathjackBrigand>7</DeathjackBrigand>
          <DeathjackSoldier>4</DeathjackSoldier>
          <DeathjackRogue>5</DeathjackRogue>
          <DeathjackGrenadier>2</DeathjackGrenadier>
        </options>
      </li>
    </pawnGroupMakers>
  </FactionDef>

</Defs>