﻿<?xml version="1.0" encoding="utf-8" ?>
<Defs>

  <PawnKindDef Name="DeathjacksBase" Abstract="True">
    <race>Human</race>
    <defaultFactionType>DeathjacksFaction</defaultFactionType>
    <chemicalAddictionChance>0.06</chemicalAddictionChance>
    <invNutrition>2.55</invNutrition>
    <invFoodDef>Pemmican</invFoodDef>
    <apparelIgnoreSeasons>true</apparelIgnoreSeasons>
    <backstoryFiltersOverride>
      <li>
        <categories>
          <li>Deathjack</li>
          <li>FGStirland</li>
        </categories>
      </li>
    </backstoryFiltersOverride>
  </PawnKindDef>

  <!-- Low tier -->

  <PawnKindDef ParentName="DeathjacksBase">
    <defName>DeathjackScout</defName>
    <label>scout</label>
    <combatPower>45</combatPower>
    <gearHealthRange>
      <min>0.2</min>
      <max>0.6</max>
    </gearHealthRange>
    <itemQuality>Poor</itemQuality>
    <apparelMoney>
      <min>150</min>
      <max>300</max>
    </apparelMoney>
    <apparelRequired>
      <li>Apparel_DeathjackShirt</li>
    </apparelRequired>
    <apparelAllowHeadgearChance>0.2</apparelAllowHeadgearChance>
    <apparelTags>
      <li>DeathjackLow</li>
    </apparelTags>
    <weaponMoney>
      <min>60</min>
      <max>200</max>
    </weaponMoney>
    <weaponTags>
      <li>NeolithicRangedBasic</li>
    </weaponTags>
    <techHediffsMoney>
      <min>50</min>
      <max>50</max>
    </techHediffsMoney>
    <techHediffsTags>
      <li>Poor</li>
    </techHediffsTags>
    <techHediffsChance>0.02</techHediffsChance>
    <inventoryOptions>
      <skipChance>0.9</skipChance>
      <subOptionsChooseOne>
        <li>
          <thingDef>Silver</thingDef>
          <countRange>
            <min>30</min>
            <max>70</max>
          </countRange>
        </li>
      </subOptionsChooseOne>
    </inventoryOptions>
  </PawnKindDef>

  <PawnKindDef ParentName="DeathjacksBase">
    <defName>DeathjackFootpad</defName>
    <label>footpad</label>
    <combatPower>35</combatPower>
    <gearHealthRange>
      <min>0.2</min>
      <max>0.6</max>
    </gearHealthRange>
    <itemQuality>Poor</itemQuality>
    <apparelMoney>
      <min>150</min>
      <max>300</max>
    </apparelMoney>
    <apparelRequired>
      <li>Apparel_DeathjackShirt</li>
    </apparelRequired>
    <apparelAllowHeadgearChance>0.5</apparelAllowHeadgearChance>
    <apparelTags>
      <li>DeathjackLow</li>
    </apparelTags>
    <weaponMoney>
      <min>65</min>
      <max>200</max>
    </weaponMoney>
    <weaponTags>
      <li>MedievalMeleeBasic</li>
    </weaponTags>
    <techHediffsMoney>
      <min>50</min>
      <max>50</max>
    </techHediffsMoney>
    <techHediffsTags>
      <li>Poor</li>
    </techHediffsTags>
    <techHediffsChance>0.08</techHediffsChance>
    <inventoryOptions>
      <skipChance>0.9</skipChance>
      <subOptionsChooseOne>
        <li>
          <thingDef>Silver</thingDef>
          <countRange>
            <min>30</min>
            <max>70</max>
          </countRange>
        </li>
      </subOptionsChooseOne>
    </inventoryOptions>
  </PawnKindDef>

  <!-- middle tier -->

  <PawnKindDef ParentName="DeathjacksBase">
    <defName>DeathjackHunter</defName>
    <label>hunter</label>
    <combatPower>65</combatPower>
    <gearHealthRange>
      <min>0.5</min>
      <max>1.8</max>
    </gearHealthRange>
    <itemQuality>Poor</itemQuality>
    <apparelMoney>
      <min>450</min>
      <max>600</max>
    </apparelMoney>
    <apparelAllowHeadgearChance>0.5</apparelAllowHeadgearChance>
    <apparelTags>
      <li>DeathjackMiddle</li>
    </apparelTags>
    <apparelRequired>
      <li>Apparel_DeathjackShirt</li>
      <li>Apparel_DeathjackPantaloons</li>
    </apparelRequired>
    <weaponMoney>
      <min>100</min>
      <max>100</max>
    </weaponMoney>
    <weaponTags>
      <li>NeolithicRangedDecent</li>
    </weaponTags>
    <techHediffsChance>0.02</techHediffsChance>
    <inventoryOptions>
      <skipChance>0.9</skipChance>
      <subOptionsChooseOne>
        <li>
          <thingDef>Silver</thingDef>
          <countRange>
            <min>25</min>
            <max>50</max>
          </countRange>
        </li>
      </subOptionsChooseOne>
    </inventoryOptions>
  </PawnKindDef>

  <PawnKindDef ParentName="DeathjacksBase">
    <defName>DeathjackBrigand</defName>
    <label>irregular</label>
    <combatPower>65</combatPower>
    <invNutrition>0</invNutrition>
    <gearHealthRange>
      <min>0.5</min>
      <max>1.8</max>
    </gearHealthRange>
    <itemQuality>Poor</itemQuality>
    <apparelMoney>
      <min>450</min>
      <max>600</max>
    </apparelMoney>
    <apparelAllowHeadgearChance>0.6</apparelAllowHeadgearChance>
    <apparelTags>
      <li>DeathjackMiddle</li>
    </apparelTags>
    <apparelRequired>
      <li>Apparel_DeathjackShirt</li>
      <li>Apparel_DeathjackPantaloons</li>
    </apparelRequired>
    <weaponMoney>
      <min>200</min>
      <max>300</max>
    </weaponMoney>
    <weaponTags>
      <li>MedievalMeleeDecent</li>
    </weaponTags>
    <techHediffsMoney>
      <min>50</min>
      <max>50</max>
    </techHediffsMoney>
    <techHediffsTags>
      <li>Poor</li>
    </techHediffsTags>
    <techHediffsChance>0.02</techHediffsChance>
    <inventoryOptions>
      <skipChance>0.9</skipChance>
      <subOptionsChooseOne>
        <li>
          <thingDef>Silver</thingDef>
          <countRange>
            <min>25</min>
            <max>50</max>
          </countRange>
        </li>
      </subOptionsChooseOne>
    </inventoryOptions>
  </PawnKindDef>

  <!-- high tier -->

  <PawnKindDef ParentName="DeathjacksBase">
    <defName>DeathjackMarksman</defName>
    <label>sharpshooter</label>
    <combatPower>100</combatPower>
    <factionLeader>true</factionLeader>
    <baseRecruitDifficulty>0.80</baseRecruitDifficulty>
    <gearHealthRange>
      <min>0.5</min>
      <max>1.8</max>
    </gearHealthRange>
    <apparelMoney>
      <min>500</min>
      <max>800</max>
    </apparelMoney>
    <apparelAllowHeadgearChance>0.8</apparelAllowHeadgearChance>
    <apparelTags>
      <li>DeathjackHigh</li>
    </apparelTags>
    <apparelRequired>
      <li>Apparel_DeathjackShirt</li>
      <li>Apparel_DeathjackPantaloons</li>
    </apparelRequired>
    <weaponMoney>
      <min>250</min>
      <max>250</max>
    </weaponMoney>
    <weaponTags>
      <li>NeolithicRangedChief</li>
    </weaponTags>
    <inventoryOptions>
      <skipChance>0.9</skipChance>
      <subOptionsChooseOne>
        <li>
          <thingDef>Silver</thingDef>
          <countRange>
            <min>25</min>
            <max>50</max>
          </countRange>
        </li>
      </subOptionsChooseOne>
    </inventoryOptions>
  </PawnKindDef>

  <PawnKindDef ParentName="DeathjacksBase">
    <defName>DeathjackSoldier</defName>
    <label>combatant</label>
    <combatPower>100</combatPower>
    <factionLeader>true</factionLeader>
    <baseRecruitDifficulty>0.80</baseRecruitDifficulty>
    <gearHealthRange>
      <min>0.5</min>
      <max>1.8</max>
    </gearHealthRange>
    <apparelMoney>
      <min>500</min>
      <max>800</max>
    </apparelMoney>
    <apparelAllowHeadgearChance>0.8</apparelAllowHeadgearChance>
    <apparelTags>
      <li>DeathjackHigh</li>
    </apparelTags>
    <apparelRequired>
      <li>Apparel_DeathjackShirt</li>
      <li>Apparel_DeathjackPantaloons</li>
    </apparelRequired>
    <weaponMoney>
      <min>300</min>
      <max>300</max>
    </weaponMoney>
    <weaponTags>
      <li>MedievalMeleeAdvanced</li>
    </weaponTags>
    <inventoryOptions>
      <skipChance>0.9</skipChance>
      <subOptionsChooseOne>
        <li>
          <thingDef>Silver</thingDef>
          <countRange>
            <min>25</min>
            <max>50</max>
          </countRange>
        </li>
      </subOptionsChooseOne>
    </inventoryOptions>
  </PawnKindDef>

  <!-- special tier -->

  <PawnKindDef ParentName="DeathjacksBase">
    <defName>DeathjackRogue</defName>
    <label>rogue</label>
    <combatPower>80</combatPower>
    <factionLeader>true</factionLeader>
    <gearHealthRange>
      <min>0.5</min>
      <max>1.8</max>
    </gearHealthRange>
    <apparelMoney>
      <min>500</min>
      <max>750</max>
    </apparelMoney>
    <apparelAllowHeadgearChance>0.6</apparelAllowHeadgearChance>
    <apparelTags>
      <li>DeathjackSpecial</li>
    </apparelTags>
    <apparelRequired>
      <li>Apparel_DeathjackShirt</li>
      <li>Apparel_DeathjackPantaloons</li>
    </apparelRequired>
    <weaponMoney>
      <min>300</min>
      <max>400</max>
    </weaponMoney>
    <weaponTags>
      <li>DeathjackGun</li>
    </weaponTags>
    <inventoryOptions>
      <skipChance>0.9</skipChance>
      <subOptionsChooseOne>
        <li>
          <thingDef>Silver</thingDef>
          <countRange>
            <min>25</min>
            <max>50</max>
          </countRange>
        </li>
      </subOptionsChooseOne>
    </inventoryOptions>
  </PawnKindDef>

  <PawnKindDef ParentName="DeathjacksBase">
    <defName>DeathjackGrenadier</defName>
    <label>grenadier</label>
    <combatPower>75</combatPower>
    <gearHealthRange>
      <min>0.5</min>
      <max>1.8</max>
    </gearHealthRange>
    <apparelMoney>
      <min>500</min>
      <max>750</max>
    </apparelMoney>
    <apparelAllowHeadgearChance>0.8</apparelAllowHeadgearChance>
    <apparelTags>
      <li>DeathjackSpecial</li>
    </apparelTags>
    <weaponMoney>
      <min>300</min>
      <max>400</max>
    </weaponMoney>
    <apparelRequired>
      <li>Apparel_DeathjackShirt</li>
    </apparelRequired>
    <weaponTags>
      <li>DeathjackBomb</li>
    </weaponTags>
    <inventoryOptions>
      <skipChance>0.9</skipChance>
      <subOptionsChooseOne>
        <li>
          <thingDef>Silver</thingDef>
          <countRange>
            <min>25</min>
            <max>50</max>
          </countRange>
        </li>
      </subOptionsChooseOne>
    </inventoryOptions>
  </PawnKindDef>
  
  
</Defs>