﻿<?xml version="1.0" encoding="utf-8" ?>
<Defs>

  <RulePackDef>
    <defName>NamerDeathjacks</defName>
    <rulePack>
      <rulesStrings>
        <li>name->[Male] [sur]</li>
        <li>name->[Female] [sur]</li>
      </rulesStrings>
      <rulesRaw>
        <li Class="Rule_File">
          <keyword>Male</keyword>
          <path>NameBanks/Names_DeathjackMale</path>
        </li>
        <li Class="Rule_File">
          <keyword>Female</keyword>
          <path>NameBanks/Names_DeathjackFemale</path>
        </li>
        <li Class="Rule_File">
          <keyword>sur</keyword>
          <path>NameBanks/Names_DeathjackFamily</path>
        </li>
      </rulesRaw>
    </rulePack>
  </RulePackDef>


</Defs>